dataset, lambda_1, lambda_2, lambda_3
Cora,0.13949386065204183,0.29214464853521815,0.3663618432936917
ACM,0.8802778889227723,0.8377039239606723,0.32077623805696553
IMDB,0.5986584841970366,0.15601864044243652,0.15599452033620265
CiteSeer,0.5986584841970366,0.15601864044243652,0.15599452033620265
photos,0.7738717865894558,0.946208181812629,0.256373658899828
computers,0.4006101080664155,0.7520704967628818,0.14703427257792256

